NaverCafe Name,NaverCafe MemberCount,Article Writer,Article Title,Article Text,Article Date,Article Time,Article ReadCount,Article ReplyCount,Article URL
펫콩-플랫폼집합소,1293,gkdquf1626,강남엘이디램프가게 업체추천,"         강남엘이디램프가게 업체추천         010-5070-8554최근 사무실이 약간 어두워 보여서 강남엘이디램프가게 바꿨어요! 사실 회사뿐만 아니라 가정 곳곳도 같이 교체하면서 큰 차이를 느꼈어요!교체 전에는 일반 형광등을 쓰고 있었는데, 시간이 지나며 광도가 낮아지고 어두워졌어요. 그래서 LED 라이트로 변경! 사무 공간은 환해야 일도 잘되더라고요                               짠! 바꾸고 난 뒤 사무실 조명은 훨씬 더 환하고 깔끔한 느낌이었어요. 라이트가 고르게 퍼져서 눈이 편해서, 책상에서 근무하는 게 더 더 편안해졌어요. LED 덕분에 고효율이라 그런지 에너지도 아낄 수 있대요!사무 공간에 만족하고 집 거실등도 바꿨어요. 전에 쓰던 조명은 노란 색감이라 온화한 느낌이었지만, 실내 분위기가 조금 다소 답답했어요.                               와... 거실의 느낌이 완전히 변했어요! 공간이 넓어 보이고 환해져서 집에 들어섰을 때 기분이 밝아져요! ㅎㅎ 거실등만 바꿨는데 집안이 환해졌어요. 집에 오시는 분들이 ""LED 라이트 효과로 집이 환해졌네!""라는 말을 듣게 됐어요!주방도 교체 완료했어요. 음식할 때 조명이 어둡다면 칼 쓰기 위험할 때도 있죠? 그래서 밝은 키친 조명으로 교체 완료했어요!                               키친 라이트를 바꾸니 확실히 음식을 만들 때 확실히 더 더 안전하고, 요리가 더 맛있어 보이게 해주는 것 같아요. 키친이 더 환해지고 감각적인 느낌까지 나서 매일 요리하는 즐거움이 커졌어요~그리고 입구에 LED 센서 라이트를 설치했어요! 강남엘이디램프가게 저녁에 집에 돌아오면 들어가면 바로 자동으로 밝게 켜져서 아주 편리하더라고요. 자동으로 절약돼서 전기료도 줄이고, 저녁에 돌아다닐 때도 너무 좋아요.                               침실과 욕실도 전부 다 LED로 했는데, 특히 화장실은 환해서 세수할 때 더 밝게 보이니까 아침에 활기차게 아침을 맞이해요! 침실 조명은 공부할 때 눈이 편안하고, 취침할 때도 조도가 맘에 들어요.LED 교체 후 만족도가 높아요! 욕실, 목욕실, 현관까지 모두 시원하고 환해져서 실내가 더 아늑해졌어요. 여러분도 실내 분위기를 바꾸고 싶다면 LED로 바꾸는 걸 추천해요!    ",2024-10-29,01:49,77,3,https://cafe.naver.com/smartmouse7m/11352?art=ZXh0ZXJuYWwtc2VydmljZS1uYXZlci1zZWFyY2gtY2FmZS1wcg.eyJhbGciOiJIUzI1NiIsInR5cCI6IkpXVCJ9.eyJjYWZlVHlwZSI6IkNBRkVfVVJMIiwiY2FmZVVybCI6InNtYXJ0bW91c2U3bSIsImFydGljbGVJZCI6MTEzNTIsImlzc3VlZEF0IjoxNzMwMTM1OTExODI1fQ.sFqI9laM4ptDGTgnSbp4F4A0Wslq9aFrRjXvBvDNjyM
중고나라,19394377,phonesanda123,24시 전국출장 매입 켜지면구매 아이폰16 15 14 13 12 미니 프로 맥스 플러스 프맥 갤럭시 s24 s23 22 21 20 노트 폴드6 플립6 울트라 갤럭시탭 fe 아이패드 에어 액파 박스폰 중고폰 자급제 미개봉 애플워치 에어팟,"                            ★★중고나라 매입 제휴업체★★ 전국출장 매입합니다 비가오나 눈이오나 공휴일 쉬는날 24시간매입 편하게 전화 카톡 주세요 대량물건 환영 현장결제 억지차감x 출장비x 급전필요하시면 편하게 연락주세요 만나자마자 현금지급가능합니다데모폰 신규개통 미개봉 당일개통,단순개봉,액파,중고,박스폰,개통폰,자급제,고장폰,파손,하자,침수,폐폰,메인보드,LCD파손 켜지면다삽니다 @@어디든방문@@ 모든지역 서울수유미아 그외 수도권 지방 전국 방문 매입 가능합니다skt kt lg 당일 개통폰 사은품 통신사개통 경품폰 미개봉 전부매입합니다번호 :01076615362카톡: quea 입니다습득 도난 분실 안삽니다 연락주지말아주세요 !! 사기꾼 연락오면 강력 대응합니다카톡채널문의 원하시면>누르시면 이동 http://pf.kakao.com/_xiRWps/chat아이폰 갤럭시 아이패드 갤럭시탭 에어팟 갤럭시워치 애플워치 등 가격단가표입니다 편하게 24시간 연중무휴 연락주세요(켜지면다삽니다) 대량물건 전기종 매입 가능합니다 단가표에 없는기종이어도 문의주시면 전자기기이면 매입하겠습니다 !! 미드나잇, 스타라이트, 스카이 블루, 레드, 퍼 플 그라파이트, 실버, 골드, 다크 퍼플 데저트 울트라마린 핑크현장 결제 전국 어디든 출장매입 가능합니다 휴대폰 기종 켜지기만하면 매입 가능합니다 ""전기종"" 매입가능합니다 현장 억지차감 x 아이폰16 128기가 256기가 512기가 문의아이폰16플러스 128기가 256기가 512기가 문의아이폰16프로 128기가 256기가 512기가 문의아이폰16프로맥스 256기가 512기가 1tb 기가 문의아이폰15 128기가 256기가 512 기가 문의아이폰15플러스 plus 128기가 256기가 512기기가 문의아이폰15프로 pro 256기가 512기가 1tb 문의아이폰15프로맥스 promax 256기가 512기가 1tb 문의아이폰14 128기가 256기가512 기가 문의아이폰14plus 플러스 128기가 70만 256기가 78만 512기가 82만아이폰14pro프로 128기가 91만 256기가 96만 512기가 100만 1tb 102만아이폰14프로맥스promax 128기가 107만 256기가 114만 512기가 117만 1tb 118만아이폰13 128gb 53만 256gb 58만 512 gb 60만아이폰13 미니 mini 128GB 43만 256GB 48만 512GB 50만아이폰13 pro 128GB 68만 256GB 78만 512GB 80만 1tbGB 83만아이폰13 promax 128GB 82만 256GB 88만 512GB 90만 1tb 92만 아이폰12 64gb 32만 128gb 34만 256gb 37만아이폰12PRO 프로 128gb 48만 256gb 50만 512gb 54만아이폰12미니 MIINI 64gb 27만 128gb 29만 256gb 32만아이폰12프로맥스 PROMAX 128기가 60만 256기가 64만 512기가 68만아이폰xs 64GB 27만 256GB 30만 512기가 32만아이폰xr 64GB 28만 128GB 32만 256GB 33만아이폰11프로맥스pro max 64gb 43만 256gb 46만 512gb 48만아이폰11pro프로 64기가 35만 256기가 38만 512기가 40만아이폰11 64기가 30만 128기가 32만 256기가 33만갤럭시s24울트라 문의갤럭시s24플러스 문의갤럭시s24 문의갤럭시s23 울트라 문의갤럭시s23 플러스 문의갤럭시s23 또는 갤럭시s23fe 문의 갤럭시s22 울트라 문의갤럭시22+ 플러스 문의갤럭시s22 문의갤럭시 폴드 1,2,3,4,5,6 1~200 톰브라운 문의 갤럭시 제트플립1,2,3,4,5,6 문의 톰브라운 문의갤럭시 s21 울트라 ultra 256기가 54 512기가 55만갤럭시s21 플러스 35만갤럭시S21 33만갤럭시S20 플러스 33만갤럭시S20 ULTRA 울트라 42만갤럭시S10 5G 플러스 25만노트20ultra울트라 55만노트10 플러스 + 35만갤럭시S9 플러스 16만갤럭시S8 플러스 12만갤럭시 A5 A7 A9 A10 A12 A13 A21 버디 A 23 24 30 31 32 점프 33 34 40 42 50 51 52 53 진 와이드 A135 A136 A235 A245 A256 A336 A346 A546 G160 M236 M336 M536 M446<제가구매하는가격>갤럭시탭S 1,2,3,4,5,6,7,8,9 ultra 가격문의<제가구매하는가격>갤럭시탭A6 T505 T225 T580 T585 P585 P580 T550 P550 P555 X205 P200 T295 x216 t733 x716 x816 x916<제가구매하는가격>아이패드에어 1,2,3,4,5,6 시리즈 문의 11인치 13인치 <제가구매하는가격>아이패드미니 1,2,3,4,5,6시리즈 문의<제가구매하는가격>아이패드프로 1,2,3,4,5,6,7 시리즈 1~250 12.9인치 11인치 M1 M2 M4아이패드 1,2,3,4,5,6,7,8,9,10 세대 문의갤럭시북갤럭시버즈 1,2, 프로애플펜슬 1,2 울트라아이패드 키보드 12.9 11인치 플립1,2,3,4,5,6 폴드1,2,3,4,5,6애플워치 1,2,3,4,5,6,7,8,9 애플워치 울트라 1,2갤럭시워치 3,4,5,6,7 워치 프로 클래식 울트라 44 46 47mm에어팟 프로 1,2 에어팟맥스보드불량고장 액정파손 멍 빛샘 하자선택약정,25% 확정기변 불량 보드고장 메인보드 칼기스 찍힘 단순개봉 카메라 페이스아이디 지문 나침반 와이파이 잔상폰 쿠팡폰 사은품택배 구매 아이폰 파손폰 정상폰 중고폰 방문매입 유심기변 침수폰 고장폰 기능고장폰 깨진폰,해외폰 해외판 언락 개통폰 신규폰 번호이동 lcd 박스폰 자급제 skt kt lg 도 구매합니다 서울수유미아 그외 지역 어디든방문 아이폰시세 아이패드 갤럭시탭 애플워치 홍콩판 중국판 북미판 해외폰판 전당포 리퍼폰 공기계 휴대폰 중고폰시세 골드, 실버, 알파인그린,그래파이트, 시에라 블루 ,블랙, 화이트X706,X806,X906,T875,T975,T976,T735,T736,A1671,A1709,A1895,A1934,A2232,A2230,A2459,A2461,A2761,A2437,A2123,A2316,A2567,A2124A2316,A2589,A2757,A2604,A2270S911,S916,S918,S901,S906,S908,G911,G996,G998,G981,G986,F721,F711,F936,F926,N986,N981 서울 강남 논현 역삼 신사 선릉 삼성    ",2024-10-29,02:14,0,0,https://cafe.naver.com/joonggonara/1083351981?art=ZXh0ZXJuYWwtc2VydmljZS1uYXZlci1zZWFyY2gtY2FmZS1wcg.eyJhbGciOiJIUzI1NiIsInR5cCI6IkpXVCJ9.eyJjYWZlVHlwZSI6IkNBRkVfVVJMIiwiY2FmZVVybCI6Impvb25nZ29uYXJhIiwiYXJ0aWNsZUlkIjoxMDgzMzUxOTgxLCJpc3N1ZWRBdCI6MTczMDEzNTkxMTgyNH0.lpaG4RJ54oxCxXi5pp10Q8Xn4z3_KxDwi-ftwyWwq0A
중고나라,19394377,prc_pp,단순개봉급 ASUS 비보북s 15 oled m5506ua 8845hs,"         ※ 카페 상품 게시글은 자동으로 중고나라 앱/사이트에 노출합니다. 노출을 원하지 않으실 경우 고객센터로 문의 바랍니다. ※ 등록한 게시글이 회원의 신고를 받거나 이상거래로 모니터링 될 경우 중고나라 사기통합조회 DB로 수집/활용될 수 있습니다. ─────────────────── uD83DuDCE2 제목에 ""제조사/ 브랜드 명""과 ""상품명(ex. 맥북 에어 13)”를 넣어 작성하면, 보다 빠른 판매가 가능합니다! uD83DuDCE2 게시글 작성 시 배송 방법에 “직거래”와 “내 위치” 설정할 경우, 보다 빠른 판매가 가능합니다! uD83DuDC46 오늘 작성가능한 게시글 수가 부족하다면, 상단에 ""중고나라 앱 다운받기""를 통해서 앱에서 작성해 보세요!구매일 - 24.08.30고객파손보장 - 25.08.25 보장무상 AS기간 - 29.08.29 보장15.6인치8845hs16GB RAM512GB SAMSUNG M.2 SSDWQHD+, 2880 x 1620, 120Hz, 400nitAi 코파일럿 탑재배터리 75Wh (구동시간 13시간 정도 됨)무게 1.50kg두께 1.59cm밀리터리 등급의 풀메탈 바디전자제품 사용에 있어 강박증이있어새상품이나 다름 없습니다쿠팡에서 구매하면서 안심케어 5년 가입해뒀습니다안심케어 양도 가능하며 추가비용 없습니다업무용으로 구매 후 간단한 작업 정도만 했습니다배터리 활성율 100%로 완전 새상품입니다구매 후 힐링실드 6만원짜리 전체 필름 붙이고추가로 힐링실드 2만원짜리 저반사 필름 붙였습니다구매한지 얼마 안돼 화면 액정도 새상품입니다사진에서 보이듯 충전기는 꺼내보지도 않은 완전 새상품이며전체 구성 전부 있고박스는 구겨짐 없이 각이 살아있는 칼박스입니다                                                                                                                                        ",2024-10-29,01:49,4,0,https://cafe.naver.com/joonggonara/1083351089?art=ZXh0ZXJuYWwtc2VydmljZS1uYXZlci1zZWFyY2gtY2FmZS1wcg.eyJhbGciOiJIUzI1NiIsInR5cCI6IkpXVCJ9.eyJjYWZlVHlwZSI6IkNBRkVfVVJMIiwiY2FmZVVybCI6Impvb25nZ29uYXJhIiwiYXJ0aWNsZUlkIjoxMDgzMzUxMDg5LCJpc3N1ZWRBdCI6MTczMDEzNTkxMTgyNX0.x5wqBph_Hdu15rx_gRBpYAsHgq7IwFeXi1AgZEW1xc4
중고나라,19394377,guswns300,앱 상품G5 칠무해 에드워드 위블 레진 피규어,"TamfmLggk0EeJiNNpzkF [[[CONTENT-ELEMENT-0]]] [[[CONTENT-ELEMENT-1]]] 상품 정보 상품명 G5 칠무해 에드워드 위블 레진 피규어 가격 87,000 원 거래방법 직거래 택배거래 거래 희망 지역 구산동 판매자정보 칼연락 [[[CONTENT-ELEMENT-2]]] 상품 상세 아트박스만 있습니다.택배도 가능하나배송 중 파손에 대해서는 책임지지 않습니다. [[[CONTENT-ELEMENT-3]]]※ 거래 전 주의 사항 • 중고나라 앱 상품입니다. • 사기 예방을 위하여 중고나라 앱 내 안전거래를 권장합니다. • 카톡 또는 기타 링크(안전거래 사칭, 블로그)로 거래 요청할 경우 거래를 피해주세요. • 판매자 정보를 통해 중고나라 사기 통합 조회 후 거래를 권장합니다.",2024-10-29,02:02,1,0,https://cafe.naver.com/joonggonara/1083351579?art=ZXh0ZXJuYWwtc2VydmljZS1uYXZlci1zZWFyY2gtY2FmZS1wcg.eyJhbGciOiJIUzI1NiIsInR5cCI6IkpXVCJ9.eyJjYWZlVHlwZSI6IkNBRkVfVVJMIiwiY2FmZVVybCI6Impvb25nZ29uYXJhIiwiYXJ0aWNsZUlkIjoxMDgzMzUxNTc5LCJpc3N1ZWRBdCI6MTczMDEzNTkxMTgyNX0.DijMiPw_VRvwDRFDNX5osKWJuHcKD9h5ORBJCa4ZasU
귀사모 농산물직거래,3059,movieky7w,보쉬  18V26 무선 로타리 헤머드릴 본체,"                               본체+케이스앙카비트(롱) 14mm 1개앙카비트 12mm 1개 (세트 앙카용)앙카비트 14mm 1개 (스트롱 앙카용)칼블럭 비트 6,0 1개칼블럭 비트 6.5 1개    ",2024-10-29,01:49,0,0,https://cafe.naver.com/solutionsheet/3231?art=ZXh0ZXJuYWwtc2VydmljZS1uYXZlci1zZWFyY2gtY2FmZS1wcg.eyJhbGciOiJIUzI1NiIsInR5cCI6IkpXVCJ9.eyJjYWZlVHlwZSI6IkNBRkVfVVJMIiwiY2FmZVVybCI6InNvbHV0aW9uc2hlZXQiLCJhcnRpY2xlSWQiOjMyMzEsImlzc3VlZEF0IjoxNzMwMTM1OTExODI1fQ.X6Ijjj9INwfNcsbSqlIIVVZuDGEscl3yPNjPQ0XD8QI
중고나라,19394377,guswns300,앱 상품G5 네즈코 레진 피규어,"TamfmLggk0EeJiNNpzkF [[[CONTENT-ELEMENT-0]]] [[[CONTENT-ELEMENT-1]]] 상품 정보 상품명 G5 네즈코 레진 피규어 가격 45,000 원 거래방법 직거래 택배거래 거래 희망 지역 구산동 판매자정보 칼연락 [[[CONTENT-ELEMENT-2]]] 상품 상세 G5 네즈코 레진 피규어 판매합니다.베이스 부분 순접한 부분 있습니다.아트박스만 있습니다.택배도 가능하나배송 중 파손에 대해서는 책임지지 않습니다. [[[CONTENT-ELEMENT-3]]]※ 거래 전 주의 사항 • 중고나라 앱 상품입니다. • 사기 예방을 위하여 중고나라 앱 내 안전거래를 권장합니다. • 카톡 또는 기타 링크(안전거래 사칭, 블로그)로 거래 요청할 경우 거래를 피해주세요. • 판매자 정보를 통해 중고나라 사기 통합 조회 후 거래를 권장합니다.",2024-10-29,02:04,3,0,https://cafe.naver.com/joonggonara/1083351666?art=ZXh0ZXJuYWwtc2VydmljZS1uYXZlci1zZWFyY2gtY2FmZS1wcg.eyJhbGciOiJIUzI1NiIsInR5cCI6IkpXVCJ9.eyJjYWZlVHlwZSI6IkNBRkVfVVJMIiwiY2FmZVVybCI6Impvb25nZ29uYXJhIiwiYXJ0aWNsZUlkIjoxMDgzMzUxNjY2LCJpc3N1ZWRBdCI6MTczMDEzNTkxMTgyNH0.l0JkjQ9l_ZulpCKZwWCQbFmfcqwvr2bGw_uTH2Z2mcs
중고나라,19394377,phonesayo1231,24시간 전국출장 매입 켜지면구매 갤럭시탭 S9S8S7S6 울트라 아이패드 프로 1234567 M1 M2 M4미니 에어 액파 박스폰 중고폰 자급제 미개봉 애플워치 울트라 에어팟 아이폰15 갤럭시s24 노트 폴드6 플립6,"                            ★★중고나라 매입 제휴업체★★ 전국출장 매입합니다 비가오나 눈이오나 공휴일 쉬는날 24시간매입 편하게 전화 카톡 주세요 대량물건 환영 현장결제 억지차감x 출장비x 급전필요하시면 편하게 연락주세요 만나자마자 현금지급가능합니다데모폰 신규개통 미개봉 당일개통,단순개봉,액파,중고,박스폰,개통폰,자급제,고장폰,파손,하자,침수,폐폰,메인보드,LCD파손 켜지면다삽니다 @@어디든방문@@ 모든지역 서울수유미아 그외 수도권 지방 전국 방문 매입 가능합니다skt kt lg 당일 개통폰 사은품 통신사개통 경품폰 미개봉 전부매입합니다번호 :01076615362카톡: quea 입니다습득 도난 분실 안삽니다 연락주지말아주세요 !! 사기꾼 연락오면 강력 대응합니다카톡채널문의 원하시면>누르시면 이동 http://pf.kakao.com/_xiRWps/chat아이폰 갤럭시 아이패드 갤럭시탭 에어팟 갤럭시워치 애플워치 등 가격단가표입니다 편하게 24시간 연중무휴 연락주세요(켜지면다삽니다) 대량물건 전기종 매입 가능합니다 단가표에 없는기종이어도 문의주시면 전자기기이면 매입하겠습니다 !! 미드나잇, 스타라이트, 스카이 블루, 레드, 퍼 플 그라파이트, 실버, 골드, 다크 퍼플 데저트 울트라마린 핑크현장 결제 전국 어디든 출장매입 가능합니다 휴대폰 기종 켜지기만하면 매입 가능합니다 ""전기종"" 매입가능합니다 현장 억지차감 x 아이폰16 128기가 256기가 512기가 문의아이폰16플러스 128기가 256기가 512기가 문의아이폰16프로 128기가 256기가 512기가 문의아이폰16프로맥스 256기가 512기가 1tb 기가 문의아이폰15 128기가 256기가 512 기가 문의아이폰15플러스 plus 128기가 256기가 512기기가 문의아이폰15프로 pro 256기가 512기가 1tb 문의아이폰15프로맥스 promax 256기가 512기가 1tb 문의아이폰14 128기가 256기가512 기가 문의아이폰14plus 플러스 128기가 70만 256기가 78만 512기가 82만아이폰14pro프로 128기가 91만 256기가 96만 512기가 100만 1tb 102만아이폰14프로맥스promax 128기가 107만 256기가 114만 512기가 117만 1tb 118만아이폰13 128gb 53만 256gb 58만 512 gb 60만아이폰13 미니 mini 128GB 43만 256GB 48만 512GB 50만아이폰13 pro 128GB 68만 256GB 78만 512GB 80만 1tbGB 83만아이폰13 promax 128GB 82만 256GB 88만 512GB 90만 1tb 92만 아이폰12 64gb 32만 128gb 34만 256gb 37만아이폰12PRO 프로 128gb 48만 256gb 50만 512gb 54만아이폰12미니 MIINI 64gb 27만 128gb 29만 256gb 32만아이폰12프로맥스 PROMAX 128기가 60만 256기가 64만 512기가 68만아이폰xs 64GB 27만 256GB 30만 512기가 32만아이폰xr 64GB 28만 128GB 32만 256GB 33만아이폰11프로맥스pro max 64gb 43만 256gb 46만 512gb 48만아이폰11pro프로 64기가 35만 256기가 38만 512기가 40만아이폰11 64기가 30만 128기가 32만 256기가 33만갤럭시s24울트라 문의갤럭시s24플러스 문의갤럭시s24 문의갤럭시s23 울트라 문의갤럭시s23 플러스 문의갤럭시s23 또는 갤럭시s23fe 문의 갤럭시s22 울트라 문의갤럭시22+ 플러스 문의갤럭시s22 문의갤럭시 폴드 1,2,3,4,5,6 1~200 톰브라운 문의 갤럭시 제트플립1,2,3,4,5,6 문의 톰브라운 문의갤럭시 s21 울트라 ultra 256기가 54 512기가 55만갤럭시s21 플러스 35만갤럭시S21 33만갤럭시S20 플러스 33만갤럭시S20 ULTRA 울트라 42만갤럭시S10 5G 플러스 25만노트20ultra울트라 55만노트10 플러스 + 35만갤럭시S9 플러스 16만갤럭시S8 플러스 12만갤럭시 A5 A7 A9 A10 A12 A13 A21 버디 A 23 24 30 31 32 점프 33 34 40 42 50 51 52 53 진 와이드 A135 A136 A235 A245 A256 A336 A346 A546 G160 M236 M336 M536 M446<제가구매하는가격>갤럭시탭S 1,2,3,4,5,6,7,8,9 ultra 가격문의<제가구매하는가격>갤럭시탭A6 T505 T225 T580 T585 P585 P580 T550 P550 P555 X205 P200 T295 x216 t733 x716 x816 x916<제가구매하는가격>아이패드에어 1,2,3,4,5,6 시리즈 문의 11인치 13인치 <제가구매하는가격>아이패드미니 1,2,3,4,5,6시리즈 문의<제가구매하는가격>아이패드프로 1,2,3,4,5,6,7 시리즈 1~250 12.9인치 11인치 M1 M2 M4아이패드 1,2,3,4,5,6,7,8,9,10 세대 문의갤럭시북갤럭시버즈 1,2, 프로애플펜슬 1,2 울트라아이패드 키보드 12.9 11인치 플립1,2,3,4,5,6 폴드1,2,3,4,5,6애플워치 1,2,3,4,5,6,7,8,9 애플워치 울트라 1,2갤럭시워치 3,4,5,6,7 워치 프로 클래식 울트라 44 46 47mm에어팟 프로 1,2 에어팟맥스보드불량고장 액정파손 멍 빛샘 하자선택약정,25% 확정기변 불량 보드고장 메인보드 칼기스 찍힘 단순개봉 카메라 페이스아이디 지문 나침반 와이파이 잔상폰 쿠팡폰 사은품택배 구매 아이폰 파손폰 정상폰 중고폰 방문매입 유심기변 침수폰 고장폰 기능고장폰 깨진폰,해외폰 해외판 언락 개통폰 신규폰 번호이동 lcd 박스폰 자급제 skt kt lg 도 구매합니다 서울수유미아 그외 지역 어디든방문 아이폰시세 아이패드 갤럭시탭 애플워치 홍콩판 중국판 북미판 해외폰판 전당포 리퍼폰 공기계 휴대폰 중고폰시세 골드, 실버, 알파인그린,그래파이트, 시에라 블루 ,블랙, 화이트X706,X806,X906,T875,T975,T976,T735,T736,A1671,A1709,A1895,A1934,A2232,A2230,A2459,A2461,A2761,A2437,A2123,A2316,A2567,A2124A2316,A2589,A2757,A2604,A2270S911,S916,S918,S901,S906,S908,G911,G996,G998,G981,G986,F721,F711,F936,F926,N986,N981 서울 강남 논현 역삼 신사 선릉 삼성    ",2024-10-29,02:06,1,0,https://cafe.naver.com/joonggonara/1083351718?art=ZXh0ZXJuYWwtc2VydmljZS1uYXZlci1zZWFyY2gtY2FmZS1wcg.eyJhbGciOiJIUzI1NiIsInR5cCI6IkpXVCJ9.eyJjYWZlVHlwZSI6IkNBRkVfVVJMIiwiY2FmZVVybCI6Impvb25nZ29uYXJhIiwiYXJ0aWNsZUlkIjoxMDgzMzUxNzE4LCJpc3N1ZWRBdCI6MTczMDEzNTkxMTgyNH0.UipzNHyc0lFUsU3PXeK_JjkvMWy1P05jDnJXD2ERhL0
중고나라,19394377,sjkl0515,24시최고가출장매입 아이폰16 프로맥스 15프로맥스 갤럭시 폴드6 폴드5 플립6 플립5 S24 S23 플러스 울트라 아이패드 갤럭시탭 애플워치 중고폰매입  개통폰 자급제미개봉 미납연체폰 박스폰 통신사폰 애플 삼성,"         ※ 카페 상품 게시글은 자동으로 중고나라 앱/사이트에 노출합니다. 노출을 원하지 않으실 경우 고객센터로 문의 바랍니다. ※ 등록한 게시글이 회원의 신고를 받거나 이상거래로 모니터링 될 경우 중고나라 사기통합조회 DB로 수집/활용될 수 있습니다. ─────────────────── uD83DuDCE2 제목에 ""제조사/ 브랜드 명""과 “상품명(ex. 갤럭시 S11) ”을 넣어 작성하면, 보다 빠른 판매가 가능합니다! uD83DuDCE2 게시글 작성 시 배송 방법에 “직거래”와 “내 위치” 설정할 경우, 보다 빠른 판매가 가능합니다! ★ 중고나라 모바일 제휴 업체 ★★최고가로 빠르고 신속하게 매입 ★★법인고객 / 대량물건 / 현금매입 / 이체★★ 010 - 8249 - 0207★현장 즉시 현금 또는 이체 원하시는 방법으로 매입현장 억지 차감 없습니다 대량물건 수량상관없이 매입가능합니다 가격 또한 안 맞으시면 편하게 말해주세요 거짓없이 허위없이 말씀드린 단가로 매입합니다! 카톡 오픈채팅방 바로가기 !https://open.kakao.com/o/s1H8a4jg             24시최고가매입 아이폰갤럭시 통신사폰 자급제폰 중고폰 #아이폰#갤럭시#중고폰#통신사폰#당일개통폰#자급제폰#출장매입#현금매입#휴대폰 open.kakao.com           ※ 이렇게 매입양식 적어주시면 빠르게 진행가능합니다 ※1. 단말기 기종 용량 색상 수량 2. 단말기 통신사폰이신지 자급제폰이신지3. 단말기 개봉여부 (미개봉 OR 개봉)4. 단말기 상태 기스 찍힘 수리이력 기능불량 배터리성능 잔상여부 5. 출장매입시 거래 가능하신 위치 및 시간 OR 방문매입시 방문 가능하신 날짜 및 시간 택배 또는 퀵 거래시 도착 후 입금이 원칙입니다 걱정마세요 칼같이 입금합니다 부재시 문자 또는 카톡으로 양식 남겨주시면 빠르게 답변 드리겠습니다간혹 단말기 상태를 대충설명해주시거나 / 기스 또는 하자 기능문제가 있음에도 없다고 하셔서 현장에서 검수시 부득이하게 금액변동 있을 수 있습니다 최대한 자세하게 설명해주시면 금액변동 1원도 없이 빠르고 정확한 매입이 가능합니다 ＃예시 액정에 빛 비추면 기스가 있습니다 / 기스 찍힘 있습니다 / 잔상이 보입니다 / 검은점 줄 있습니다 / 카메라가 안됩니다 / 카메라에 멍이 있습니다 / 파손됐습니다 / 고객님과 매입을 위해 만나는 것이기 때문에 서로 시간 감정 소모하지 않게 자세하게 말씀 주시면 감사하겠습니다 단가 또는 금액이 타 업체에 비해 낮을 경우 말씀해주시면 추가해서 더 드리겠습니다 언제든지 24시간 편하게 연락 주세요                    중고폰매입 박스폰매입 자급제미개봉매입 자급제폰매입 통신사개통폰매입 유심기변용매입 파손폰매입사용중인폰매입 현금매입 출장매입 약정개통폰 매입아이폰15매입 아이폰15프로매입 아이폰15프로맥스 매입 아이폰15플러스 매입갤럭시 S24매입 S24플러스매입 S24울트라 매입애플워치매입 갤럭시워치매입 아이패드매입 갤럭시탭매입 맥북매입아이폰16프로 128GB 256GB 512GB 1TB 데저트티타늄 내추럴티타늄 블랙티타늄 화이트티타늄 매입아이폰16프로맥스 256GB 512GB 1TB 데저트티타늄 내추럴티타늄 블랙티타늄 화이트티타늄 매입아이폰16 128GB 256GB 512GB 1TB 매입아이폰16플러스 128GB 256GB 512GB 1TB 매입아이폰15프로 128GB 256GB 512GB 1TB 내추럴티타늄 블랙티타늄 블루티타늄 화이트티타늄 매입아이폰15프로맥스 256GB 512GB 1TB 내추럴티타늄 블랙티타늄 블루티타늄 화이트티타늄 매입아이폰15 128GB 256GB 512GB 1TB 매입아이폰15플러스 128GB 256GB 512GB 1TB 매입아이폰14프로 128GB 256GB 512GB 1TB 딥퍼플 블랙 골드 실버아이폰14프로맥스 128GB 256GB 512GB 1TB 딥퍼플 블랙 골드 실버아이폰14 128GB 256GB 512GB 1TB 매입아이폰14플러스 128GB 256GB 512GB 1TB 매입갤럭시 S24 256GB 512GB 매입갤럭시 S24플러스 256GB 512GB 매입갤럭시 S24울트라 256GB 512GB 1TB 매입갤럭시 S23 256GB 512GB 매입갤럭시 S23플러스 256GB 512GB 매입갤럭시 S23울트라 256GB 512GB 1TB 매입갤럭시 폴드6 256GB 512GB 1TB 매입갤럭시 플립6 256GB 512GB 매입갤럭시 폴드5 256GB 512GB 1TB 매입갤럭시 플립5 256GB 512GB 매입갤럭시 폴드4 256GB 512GB 1TB 매입갤럭시 플립4 256GB 512GB 매입아이폰6매입 아이폰7매입 아이폰8매입 아이폰X매입 아이폰XS매입 아이폰XR매입 아이폰SE매입 아이폰SE2매입 아이폰SE3매입아이폰11매입 아이폰11프로매입 아이폰11프로맥스매입 아이폰12매입 아이폰12프로매입 아이폰12프로맥스매입 12미니매입아이폰13매입 아이폰13프로매입 아이폰13프로맥스매입 아이폰13미니매입아이폰14매입 아이폰14프로맥스매입 아이폰14프로매입 아이폰14플러스매입아이폰15매입 아이폰15플러스매입 아이폰15프로매입 아이폰15프로맥스매입갤럭시S7매입 갤럭시S8매입 갤럭시S9매입 갤럭시S21매입 갤럭시S22매입 갤럭시S23매입 갤럭시S24매입갤럭시S21플러스매입 갤럭시S22플러스매입 갤럭시S23플러스매입 갤럭시S24플러스매입갤럭시S21울트라매입 갤럭시S22울트라매입 갤럭시S23울트라매입 갤럭시S24울트라매입노트10매입 노트20매입 폴드5매입 폴드4매입 폴드3매입 폴드2매입 폴드1매입 플립매입 플립2매입 플립3매입 플립4매입 플립5매입 아이패드프로 4세대11인치매입 3세대11인치매입 2세대11인치매입 1세대11인치매입 아이패드프로 6세대12.9인치매입 5세대12.9인치매입 3세대12.9인치매입 4세대12.9인치매입아이패드1세대매입 아이패드2세대매입 아이패드3세대매입 아이패드4세대매입 아이패드5세대매입 아이패드6세대매입 아이패드7세대매입 아이패드8세대매입 아이패드9세대매입 아이패드10세대매입아이패드미니매입 아이패드에어매입 애플워치SE매입 애플워치SE2매입 애플워치울트라매입 애플워치울트라2매입갤럭시탭S6매입 갤럭시탭S7매입 갤럭시탭S8매입 갤럭시탭S9매입갤럭시탭S6플러스매입 갤럭시탭S7플러스매입 갤럭시탭S8플러스매입 갤럭시탭S9플러스매입갤럭시탭S6울트라매입 갤럭시탭S7울트라매입 갤럭시탭S8울트라매입 갤럭시탭S9울트라매입에어팟매입 에어팟프로매입 버즈매입 버즈프로매입 에어팟맥스매입갤럭시워치매입 갤럭시워치프로매입 톰브라운에디션매입 중고폰매입 박스폰매입 통신사폰매입 자급제폰매입 파손폰매입 당일개통폰매입SKT매입 KT매입 Lg매입     ",2024-10-29,02:04,0,0,https://cafe.naver.com/joonggonara/1083351638?art=ZXh0ZXJuYWwtc2VydmljZS1uYXZlci1zZWFyY2gtY2FmZS1wcg.eyJhbGciOiJIUzI1NiIsInR5cCI6IkpXVCJ9.eyJjYWZlVHlwZSI6IkNBRkVfVVJMIiwiY2FmZVVybCI6Impvb25nZ29uYXJhIiwiYXJ0aWNsZUlkIjoxMDgzMzUxNjM4LCJpc3N1ZWRBdCI6MTczMDEzNTkxMTgyNH0.EqClrKWDhqx6J7DZ-PWwhJ_bxjZr3kCfC2WKKMnbNY4
iTop5,620,nomadue,작은 주방 DIY 실리콘 작업까지 완벽 변신 셀프 인테리어 성공 가이드  작은 주방 인테리어 셀프 인테리어 DIY 실리콘 작업 리모델링,"                            작은 주방, DIY 실리콘 작업까지 완벽 변신! 셀프 인테리어 성공 가이드         좁은 공간에 꿈꿔왔던 주방을 완성하고 싶은 욕망, 누구나 한번쯤 느껴봤을 것입니다. 하지만 전문가에게 맡기기에는 비용 부담이 크고, 막막하게 느껴지는 분들도 계실 것입니다. 걱정하지 마세요! 셀프 인테리어를 통해 작은 주방을 효율적이고 아름답게 변신시킬 수 있습니다. 이 글에서는 작은 주방 인테리어, 셀프 인테리어, DIY, 실리콘 작업, 리모델링 등의 키워드를 중심으로, 작은 주방 셀프 인테리어를 성공적으로 이끄는 상세 가이드를 제공합니다. 여러분도 꿈꿔왔던 주방을 손수 만들어 나가는 즐거움을 경험해 보세요!        1. 작은 주방 인테리어, 어디서부터 시작해야 할까요?         작은 주방은 공간 활용이 중요합니다. 우선, 작은 주방 인테리어의 핵심은 수납 공간 확보입니다. 좁은 공간을 효율적으로 활용하기 위해 다양한 수납 아이템을 활용해 보세요. 벽면 선반, 좁은 공간 활용에 효과적인 슬라이딩 선반, 다용도 수납 바구니 등을 통해 불필요한 물건들을 깔끔하게 정리할 수 있습니다. 또한, 조명을 활용해 넓어 보이는 효과를 연출할 수 있습니다. 밝은 색상의 조명은 공간을 넓어 보이게 하는 효과를 주며, 펜던트 조명이나 레일 조명은 포인트를 주어 세련된 분위기를 연출할 수 있습니다.        2. 셀프 인테리어, 막막하지만 매력적인 도전         셀프 인테리어는 비용 절감은 물론, 자신만의 개성을 담아 공간을 꾸밀 수 있는 매력적인 도전입니다. 하지만 무턱대고 시작하기보다는, 계획을 철저하게 세우는 것이 중요합니다. DIY를 통해 직접 벽 페인팅, 타일 시공, 가구 제작 등을 시도할 수 있으며, 인터넷, 서적 등을 통해 정보를 얻고, DIY 관련 강좌를 수강하는 것도 좋은 방법입니다. 실패를 두려워하지 말고, 과정을 즐기는 마음가짐이 중요합니다.        3. 실리콘 작업, 꼼꼼하게 마무리하는 팁         실리콘 작업은 주방 셀프 인테리어에서 빼놓을 수 없는 과정입니다. 싱크대 주변, 타일 사이, 가구 사이 등의 틈새를 메워 깔끔하고 위생적인 공간을 만들 수 있습니다. 실리콘 작업을 할 때 가장 중요한 것은 꼼꼼함입니다. 실리콘을 균일하게 도포하고, 울퉁불퉁한 부분은 헤라를 이용하여 매끄럽게 마무리해야 합니다. 실리콘 건조 시간을 충분히 고려하여 작업을 진행해야 하며, 혹시 삐져나온 실리콘은 칼이나 면도칼을 이용하여 깔끔하게 제거해야 합니다. 3.1 실리콘 작업, 어렵지 않아요!실리콘 작업은 처음 시도하는 사람들에게 다소 어렵게 느껴질 수 있습니다. 하지만 몇 가지 기본적인 팁만 알고 있다면, 누구나 깔끔하게 마무리할 수 있습니다. 우선, 실리콘 종류에 따라 사용 방법이 다르므로, 제품 설명서를 꼼꼼히 읽어보는 것이 중요합니다. 실리콘 건조 시간은 종류에 따라 다르지만, 대략 24시간 정도 소요됩니다. 건조가 완료되기 전에는 물이나 세제가 닿지 않도록 주의해야 합니다.         4. 작은 주방 리모델링, 과감하게 변신시키기         작은 주방 리모델링은 공간 활용을 극대화하고, 새로운 분위기를 연출할 수 있는 좋은 방법입니다. 리모델링을 통해 낡은 주방을 깔끔하고 기능적인 공간으로 재탄생시킬 수 있습니다. 하지만 리모델링은 셀프 인테리어보다 더욱 복잡하고 전문적인 지식이 필요합니다. 전문가와 상담을 통해 공간에 맞는 최적의 설계를 찾는 것이 중요합니다. 또한, 예산을 미리 정하고, 견적을 비교하여 합리적인 선택을 할 수 있도록 노력해야 합니다.        5. 작은 주방, 셀프 인테리어 성공 사례         작은 주방 인테리어는 꼭 전문가에게 맡겨야 한다는 고정관념을 깨고, 직접 참여하여 나만의 공간을 만들어나가는 즐거움을 선사합니다. 셀프 인테리어를 통해 작은 주방을 효율적으로 활용하고, 감각적인 공간으로 변신시킨 다양한 성공 사례들을 살펴보세요. 좁은 공간을 활용한 수납 아이디어, DIY 가구 제작, 실리콘 작업으로 완성된 깔끔한 마무리, 그리고 개성 넘치는 인테리어 스타일 등을 통해 영감을 얻을 수 있습니다. 5.1 작은 주방 인테리어, 나만의 공간으로 만들기 작은 주방 인테리어 성공 사례는 다양한 아이디어를 제공합니다. 좁은 공간을 효율적으로 활용하는 수납 아이디어는 작은 주방 공간을 극대화하는 데 도움이 됩니다. 벽면 선반, 슬라이딩 선반, 좁은 공간 활용 수납 바구니 등을 활용하여 깔끔하게 정리할 수 있습니다. DIY 가구 제작은 자신만의 취향을 반영한 공간을 만들 수 있는 좋은 방법입니다. 원목으로 직접 테이블이나 선반을 제작하여 공간에 맞는 가구를 만들 수 있습니다. 실리콘 작업을 통해 싱크대 주변, 타일 사이, 가구 사이의 틈새를 깔끔하게 마무리하여 위생적인 공간을 만들 수 있습니다. 꼼꼼하게 실리콘을 도포하고, 울퉁불퉁한 부분을 매끄럽게 마무리하면 깔끔한 마무리를 연출할 수 있습니다. 개성 넘치는 인테리어 스타일은 자신만의 개성을 담아 공간을 꾸밀 수 있도록 도와줍니다. 원하는 색상, 소재, 디자인으로 공간을 연출하여 자신만의 특별한 공간을 만들 수 있습니다.        6. 주방 셀프 인테리어, 팁과 주의 사항         작은 주방 셀프 인테리어는 꿈꿔왔던 공간을 직접 만들어 나가는 즐거운 경험이 될 것입니다. 하지만 성공적인 셀프 인테리어를 위해 몇 가지 팁과 주의 사항을 숙지하는 것이 중요합니다. 6.1 주방 셀프 인테리어 팁작은 주방 셀프 인테리어를 성공적으로 이끌기 위해서는 계획이 중요합니다. 먼저, 공간의 크기와 구조를 정확하게 파악하고, 예산을 미리 정해야 합니다. DIY를 통해 직접 벽 페인팅, 타일 시공, 가구 제작 등을 시도할 수 있으며, 인터넷, 서적, DIY 관련 강좌를 통해 정보를 얻는 것이 좋습니다. 또한, 안전에 유의하며 작업을 진행해야 합니다. 6.2 주의 사항셀프 인테리어를 시작하기 전, 다음과 같은 사항들을 주의해야 합니다. 전기 배선 작업은 전문가에게 맡기는 것이 안전합니다. 또한, 건축법 등 관련 법규를 숙지하고, 이를 위반하지 않도록 주의해야 합니다. 셀프 인테리어는 자신만의 공        작은 주방, DIY 실리콘 작업까지 완벽 변신! 셀프 인테리어 성공 가이드 | 작은 주방 인테리어, 셀프 인테리어, DIY, 실리콘 작업, 리모델링 에 대해 자주 묻는 질문 TOP 5         질문. 작은 주방 셀프 인테리어를 할 때 가장 중요한 것은 무엇인가요?답변. 작은 주방 셀프 인테리어에서 가장 중요한 것은 바로 공간 활용입니다. 좁은 공간을 효율적으로 사용하는 것이 관건인데요. 수납 공간을 최대한 확보하고, 동선을 최소화하는 것이 중요합니다. 예를 들어, 벽면에 선반을 설치하여 공간을 활용하거나, 이동식 수납 카트를 활용하는 방법을 생각해 볼 수 있습니다. 또한, 가구를 선택할 때는 다용도로 사용 가능한 제품을 고르는 것이 좋습니다. 좁은 공간에 시각적으로 넓어 보이는 효과를 주는 것이 좋기 때문에, 밝은 색상을 사용하는 것도 좋은 방법입니다.질문. DIY 실리콘 작업, 어렵지 않을까요? 초보자도 할 수 있을까요?답변. DIY 실리콘 작업은 생각보다 어렵지 않습니다. 초보자도 충분히 할 수 있고, 인터넷이나 유튜브를 통해 자세한 설명을 쉽게 찾아볼 수 있습니다. 단, 안전에 유의하여 장갑과 마스크를 착용하는 것이 좋습니다. 그리고 실리콘 종류에 따라 경화 시간이 다르므로, 제품 설명서를 꼼꼼히 읽어보고 작업을 진행하는 것이 중요합니다.질문. 작은 주방 셀프 인테리어, 어떤 스타일로 하는 것이 좋을까요?답변. 작은 주방에는 미니멀리즘, 모던, 북유럽 스타일 등 다양한 스타일을 적용할 수 있습니다.미니멀리즘 스타일은 최소한의 가구와 소품으로 깔끔하고 심플한 분위기를 연출하는 것이 특징입니다. 모던 스타일은 심플하면서도 세련된 느낌을 주는 스타일로, 금속 소재나 유리 소재를 활용하면 더욱 멋스럽습니다.북유럽 스타일은 따뜻하고 아늑한 분위기를 연출하는 스타일로, 자연 소재를 사용하고 파스텔톤의 색상을 활용하는 것이 특징입니다. 어떤 스타일을 선택하든 공간을 넓어 보이게 하는 효과를 고려하는 것이 중요합니다.질문. 작은 주방 셀프 인테리어, 어디서부터 시작해야 할까요?답변. 작은 주방 셀프 인테리어는 계획부터 시작해야 합니다. 먼저, 공간 분석을 통해 문제점과 개선할 부분을 파악합니다. 예를 들어, 수납 공간 부족, 동선 불편 등을 파악할 수 있습니다.다음으로, 인테리어 스타일을 정하고 예산을 계획합니다. 컨셉을 정하고, 가구, 소품 등을 선택합니다. 시공 순서를 정하고, DIY 작업을 할 수 있는 범위를 파악합니다. 인터넷이나 전문업체를 통해 정보를 수집하고, 시뮬레이션을 해 보면 더욱 효과적입니다.질문. 작은 주방 셀프 인테리어, 어떤 도구가 필요한가요?답변. 작은 주방 셀프 인테리어에 필요한 도구는 작업 범위에 따라 달라집니다.기본적인 도구로는 망치, 드라이버, 톱, 줄자, 수평계, 펜, 연필, 가위, 전기 드릴 등이 있습니다. 실리콘 작업을 할 경우 실리콘 건, 헤라, 마스킹 테이프 등이 필요합니다.페인트 작업을 할 경우 페인트 롤러, 붓, 페인트 트레이, 마스크, 장갑 등이 필요합니다. 벽지 작업을 할 경우 벽지 칼, 벽지 접착제, 헤라 등이 필요합니다. 작업 전에 필요한 도구를 미리 준비하는 것이 좋습니다.    ",2024-10-29,02:02,0,0,https://cafe.naver.com/itop5/60110?art=ZXh0ZXJuYWwtc2VydmljZS1uYXZlci1zZWFyY2gtY2FmZS1wcg.eyJhbGciOiJIUzI1NiIsInR5cCI6IkpXVCJ9.eyJjYWZlVHlwZSI6IkNBRkVfVVJMIiwiY2FmZVVybCI6Iml0b3A1IiwiYXJ0aWNsZUlkIjo2MDExMCwiaXNzdWVkQXQiOjE3MzAxMzU5MTE4MjV9.9vqOZhV8TQSdzkNvwyhEOXw4V6CQCo1AOzq8KJRze7M
"핫딜크루 (핫딜, 최저가 정보 공유)",58,rlawlscjf1214,핫딜 요정프루티 리빙박스 싹뚝썰기 자르기 소꿉놀이세트 39800원,"                    요정프루티 리빙박스 싹뚝썰기 자르기 소꿉놀이세트 제품입니다.가격은 39,800원입니다.카드혜택, 선물하기 혜택 등 꼼꼼히 확인하셔서 저렴하게 구매하시기 바랍니다.가격은 시간에 따라 변동될 수 있습니다.구매하러 가기▽▼▽▼         판매페이지 링크        요정프루티 리빙박스 싹뚝썰기 자르기 소꿉놀이세트의 장점을 상세히 살펴보면 다음과 같습니다.1. 다양한 놀이 경험 제공이 제품은 단순한 자르기 놀이를 넘어 다채로운 소꿉놀이 경험을 선사합니다. 과일, 채소, 빵 등 다양한 재료를 제공하여, 아이들이 요리, 가게 운영, 농사 등 다양한 역할극을 펼칠 수 있도록 유도합니다. 단순히 자르는 행위를 넘어, 아이들이 상상력을 발휘하여 스스로 이야기와 상황을 만들어낼 수 있도록 지원합니다. 예를 들어, 아이들은 과일 썰기를 통해 과일 가게 주인, 푸드 스타일리스트 등의 역할을 맡아 자신만의 스토리를 창조할 수 있습니다. 또한, 재료들을 조합하여 새로운 요리법을 만들어내는 활동도 가능하여 아이들의 창의력과 문제 해결 능력을 키워줍니다. 다채로운 재료의 조합은 아이들이 서로 다른 요리와 상황을 탐색하는데 도움을 줍니다.2. 손과 눈의 협응력 향상싹뚝썰기 놀이는 아이들의 손과 눈의 협응력을 직접적으로 향상시키는 데 도움을 줍니다. 자르는 행위는 눈으로 재료를 정확히 인지하고, 손으로 도구를 적절하게 다루는 기술을 필요로 합니다. 이러한 반복적인 연습을 통해 아이들은 정확성과 정밀함을 갖춘 손동작을 익히고, 섬세한 조작 능력을 향상시킬 수 있습니다. 특히, 작은 조각을 다루는 과정에서 집중력과 섬세함을 요구하며, 이는 나중에 학습에 있어 필수적인 요소로 연결됩니다. 자르는 행위는 아이들의 섬세한 손동작 뿐만 아니라, 칼의 사용법과 주의를 요구하는 과정을 통해 안전한 사용법에 대한 인식을 형성할 수 있도록 합니다.3. 감각적 경험 제공다양한 질감의 재료들을 다루는 것은 아이들의 감각 발달에도 중요한 영향을 미칩니다. 과일, 채소 등을 직접 만져보고 자르는 경험은 아이들의 촉각 감수성을 향상시키고, 다양한 색깔과 모양을 관찰하는 것은 시각적 자극을 제공합니다. 이를 통해 아이들은 주변 환경에 대한 더욱 깊은 이해와 감각적 경험을 얻을 수 있습니다. 특히, 자르는 소리가 내는 특징적인 소리와 질감을 통해 아이들의 감각적 경험을 더욱 풍부하게 해줍니다. 이러한 감각 경험은 아이들의 전반적인 발달에 도움을 주고 긍정적인 경험을 제공하며, 흥미를 유발합니다.4. 상호 작용과 협력 장려소꿉놀이 세트는 아이들이 다른 아이들과 함께 놀이를 할 수 있는 환경을 제공합니다. 과일 가게, 요리사 등의 역할극을 통해 아이들은 협력하고 소통하는 경험을 할 수 있습니다. 다른 아이들과의 상호 작용은 아이들의 사회성 발달과 타인과의 관계 형성에 긍정적인 영향을 미칩니다. 특히, 역할극을 통해 아이들은 다른 사람의 입장을 이해하고, 함께 문제를 해결하는 방법을 배우게 됩니다. 아이들은 다양한 역할을 나누어 함께 놀이를 하면서 타인과의 관계를 형성하고 협력을 통해 문제를 해결하는 경험을 할 수 있습니다.5. 집중력 향상 및 문제해결 능력복잡한 놀이 활동 속에서 아이들은 집중력과 문제 해결 능력을 향상시킬 수 있습니다. 특히, 재료를 조합하여 새로운 요리법을 만들거나, 과일 가게를 운영하는 과정에서 아이들은 문제 상황을 인지하고 해결하는 방법을 배우게 됩니다. 아이들은 자르는 과정에서 정확성을 요구하며, 결과물을 만들어가는 과정에서 끈기와 인내심을 기를 수 있습니다. 이를 통해 아이들은 문제를 분석하고 해결하는 능력을 향상시킬 수 있습니다.구매하러 가기▽▼▽▼         판매페이지 링크        △▲△▲                        ",2024-10-29,02:09,0,0,https://cafe.naver.com/hotdealclub2/42994?art=ZXh0ZXJuYWwtc2VydmljZS1uYXZlci1zZWFyY2gtY2FmZS1wcg.eyJhbGciOiJIUzI1NiIsInR5cCI6IkpXVCJ9.eyJjYWZlVHlwZSI6IkNBRkVfVVJMIiwiY2FmZVVybCI6ImhvdGRlYWxjbHViMiIsImFydGljbGVJZCI6NDI5OTQsImlzc3VlZEF0IjoxNzMwMTM1OTExODI0fQ.-Q7aHGHomSt8NRf1rL5QEBxSFv1wyFDHhGqMW6R3MHg
중고나라,19394377,phonesanda123,24시 전국출장 매입 켜지면구매 갤럭시 s24 s23 22 21 20 노트 폴드6 플립6 아이폰16 15 14 13 12 미니 프로 맥스 플러스 프맥 울트라 갤럭시탭 fe 아이패드 에어 액파 박스폰 중고폰 자급제 미개봉 애플워치 에어팟,"                            ★★중고나라 매입 제휴업체★★ 전국출장 매입합니다 비가오나 눈이오나 공휴일 쉬는날 24시간매입 편하게 전화 카톡 주세요 대량물건 환영 현장결제 억지차감x 출장비x 급전필요하시면 편하게 연락주세요 만나자마자 현금지급가능합니다데모폰 신규개통 미개봉 당일개통,단순개봉,액파,중고,박스폰,개통폰,자급제,고장폰,파손,하자,침수,폐폰,메인보드,LCD파손 켜지면다삽니다 @@어디든방문@@ 모든지역 서울수유미아 그외 수도권 지방 전국 방문 매입 가능합니다skt kt lg 당일 개통폰 사은품 통신사개통 경품폰 미개봉 전부매입합니다번호 :01076615362카톡: quea 입니다습득 도난 분실 안삽니다 연락주지말아주세요 !! 사기꾼 연락오면 강력 대응합니다카톡채널문의 원하시면>누르시면 이동 http://pf.kakao.com/_xiRWps/chat아이폰 갤럭시 아이패드 갤럭시탭 에어팟 갤럭시워치 애플워치 등 가격단가표입니다 편하게 24시간 연중무휴 연락주세요(켜지면다삽니다) 대량물건 전기종 매입 가능합니다 단가표에 없는기종이어도 문의주시면 전자기기이면 매입하겠습니다 !! 미드나잇, 스타라이트, 스카이 블루, 레드, 퍼 플 그라파이트, 실버, 골드, 다크 퍼플 데저트 울트라마린 핑크현장 결제 전국 어디든 출장매입 가능합니다 휴대폰 기종 켜지기만하면 매입 가능합니다 ""전기종"" 매입가능합니다 현장 억지차감 x 아이폰16 128기가 256기가 512기가 문의아이폰16플러스 128기가 256기가 512기가 문의아이폰16프로 128기가 256기가 512기가 문의아이폰16프로맥스 256기가 512기가 1tb 기가 문의아이폰15 128기가 256기가 512 기가 문의아이폰15플러스 plus 128기가 256기가 512기기가 문의아이폰15프로 pro 256기가 512기가 1tb 문의아이폰15프로맥스 promax 256기가 512기가 1tb 문의아이폰14 128기가 256기가512 기가 문의아이폰14plus 플러스 128기가 70만 256기가 78만 512기가 82만아이폰14pro프로 128기가 91만 256기가 96만 512기가 100만 1tb 102만아이폰14프로맥스promax 128기가 107만 256기가 114만 512기가 117만 1tb 118만아이폰13 128gb 53만 256gb 58만 512 gb 60만아이폰13 미니 mini 128GB 43만 256GB 48만 512GB 50만아이폰13 pro 128GB 68만 256GB 78만 512GB 80만 1tbGB 83만아이폰13 promax 128GB 82만 256GB 88만 512GB 90만 1tb 92만 아이폰12 64gb 32만 128gb 34만 256gb 37만아이폰12PRO 프로 128gb 48만 256gb 50만 512gb 54만아이폰12미니 MIINI 64gb 27만 128gb 29만 256gb 32만아이폰12프로맥스 PROMAX 128기가 60만 256기가 64만 512기가 68만아이폰xs 64GB 27만 256GB 30만 512기가 32만아이폰xr 64GB 28만 128GB 32만 256GB 33만아이폰11프로맥스pro max 64gb 43만 256gb 46만 512gb 48만아이폰11pro프로 64기가 35만 256기가 38만 512기가 40만아이폰11 64기가 30만 128기가 32만 256기가 33만갤럭시s24울트라 문의갤럭시s24플러스 문의갤럭시s24 문의갤럭시s23 울트라 문의갤럭시s23 플러스 문의갤럭시s23 또는 갤럭시s23fe 문의 갤럭시s22 울트라 문의갤럭시22+ 플러스 문의갤럭시s22 문의갤럭시 폴드 1,2,3,4,5,6 1~200 톰브라운 문의 갤럭시 제트플립1,2,3,4,5,6 문의 톰브라운 문의갤럭시 s21 울트라 ultra 256기가 54 512기가 55만갤럭시s21 플러스 35만갤럭시S21 33만갤럭시S20 플러스 33만갤럭시S20 ULTRA 울트라 42만갤럭시S10 5G 플러스 25만노트20ultra울트라 55만노트10 플러스 + 35만갤럭시S9 플러스 16만갤럭시S8 플러스 12만갤럭시 A5 A7 A9 A10 A12 A13 A21 버디 A 23 24 30 31 32 점프 33 34 40 42 50 51 52 53 진 와이드 A135 A136 A235 A245 A256 A336 A346 A546 G160 M236 M336 M536 M446<제가구매하는가격>갤럭시탭S 1,2,3,4,5,6,7,8,9 ultra 가격문의<제가구매하는가격>갤럭시탭A6 T505 T225 T580 T585 P585 P580 T550 P550 P555 X205 P200 T295 x216 t733 x716 x816 x916<제가구매하는가격>아이패드에어 1,2,3,4,5,6 시리즈 문의 11인치 13인치 <제가구매하는가격>아이패드미니 1,2,3,4,5,6시리즈 문의<제가구매하는가격>아이패드프로 1,2,3,4,5,6,7 시리즈 1~250 12.9인치 11인치 M1 M2 M4아이패드 1,2,3,4,5,6,7,8,9,10 세대 문의갤럭시북갤럭시버즈 1,2, 프로애플펜슬 1,2 울트라아이패드 키보드 12.9 11인치 플립1,2,3,4,5,6 폴드1,2,3,4,5,6애플워치 1,2,3,4,5,6,7,8,9 애플워치 울트라 1,2갤럭시워치 3,4,5,6,7 워치 프로 클래식 울트라 44 46 47mm에어팟 프로 1,2 에어팟맥스보드불량고장 액정파손 멍 빛샘 하자선택약정,25% 확정기변 불량 보드고장 메인보드 칼기스 찍힘 단순개봉 카메라 페이스아이디 지문 나침반 와이파이 잔상폰 쿠팡폰 사은품택배 구매 아이폰 파손폰 정상폰 중고폰 방문매입 유심기변 침수폰 고장폰 기능고장폰 깨진폰,해외폰 해외판 언락 개통폰 신규폰 번호이동 lcd 박스폰 자급제 skt kt lg 도 구매합니다 서울수유미아 그외 지역 어디든방문 아이폰시세 아이패드 갤럭시탭 애플워치 홍콩판 중국판 북미판 해외폰판 전당포 리퍼폰 공기계 휴대폰 중고폰시세 골드, 실버, 알파인그린,그래파이트, 시에라 블루 ,블랙, 화이트X706,X806,X906,T875,T975,T976,T735,T736,A1671,A1709,A1895,A1934,A2232,A2230,A2459,A2461,A2761,A2437,A2123,A2316,A2567,A2124A2316,A2589,A2757,A2604,A2270S911,S916,S918,S901,S906,S908,G911,G996,G998,G981,G986,F721,F711,F936,F926,N986,N981 서울 강남 논현 역삼 신사 선릉 삼성    ",2024-10-29,01:54,2,0,https://cafe.naver.com/joonggonara/1083351268?art=ZXh0ZXJuYWwtc2VydmljZS1uYXZlci1zZWFyY2gtY2FmZS1wcg.eyJhbGciOiJIUzI1NiIsInR5cCI6IkpXVCJ9.eyJjYWZlVHlwZSI6IkNBRkVfVVJMIiwiY2FmZVVybCI6Impvb25nZ29uYXJhIiwiYXJ0aWNsZUlkIjoxMDgzMzUxMjY4LCJpc3N1ZWRBdCI6MTczMDEzNTkxMTgyNX0.MLdAme9HuCxbqfP0hWPDBdkjf_7KIalfpGcNBFHSUnc
중고나라,19394377,guswns300,앱 상품G5 세인트 세이야  골드 세인트 12인  아레스,"TamfmLggk0EeJiNNpzkF [[[CONTENT-ELEMENT-0]]] [[[CONTENT-ELEMENT-1]]] 상품 정보 상품명 G5 세인트 세이야 : 골드 세인트 12인 + 아레스 가격 1,095,000 원 거래방법 직거래 택배거래 거래 희망 지역 구산동 판매자정보 칼연락 [[[CONTENT-ELEMENT-2]]] 상품 상세 G-5 피스케스(Pisces) 아프로디테G-5 아쿠에리어스(Aquarius) 카뮤G-5 카프리콘(Capricon) 슈라G-5 사지타리우스(Sagittarius) 아이올로스G-5 스콜피온(Scorpion) 미로G-5 라이브라(Libra) 도코G-5 바르고(Virgo) 샤카G-5 레오(Leo) 아이올리아G-5 캔서(Cancer) 데스마스크G-5 제미니(Gemini) 사가 & 카논G-5 타우러스(Taurus) 알데바란G-5 아리에스(Aries) 무=우G-5 아레스 포페골드 세인트 12인+ 아레스 일괄로 판매합니다.,아레스는 12인 전부 예약 시 지급되는 특전입니다. ( 구하기 힘듬 )아트박스만 있고택배도 가능하나, 배송 시 파손에 대해서는 책임지지 않습니다.연락주세요 [[[CONTENT-ELEMENT-3]]]※ 거래 전 주의 사항 • 중고나라 앱 상품입니다. • 사기 예방을 위하여 중고나라 앱 내 안전거래를 권장합니다. • 카톡 또는 기타 링크(안전거래 사칭, 블로그)로 거래 요청할 경우 거래를 피해주세요. • 판매자 정보를 통해 중고나라 사기 통합 조회 후 거래를 권장합니다.",2024-10-29,02:03,1,0,https://cafe.naver.com/joonggonara/1083351609?art=ZXh0ZXJuYWwtc2VydmljZS1uYXZlci1zZWFyY2gtY2FmZS1wcg.eyJhbGciOiJIUzI1NiIsInR5cCI6IkpXVCJ9.eyJjYWZlVHlwZSI6IkNBRkVfVVJMIiwiY2FmZVVybCI6Impvb25nZ29uYXJhIiwiYXJ0aWNsZUlkIjoxMDgzMzUxNjA5LCJpc3N1ZWRBdCI6MTczMDEzNTkxMTgyNX0.U1meRox2YM0JEst0ooKx0BGEGgfDeffrWS-na8jL4hY
안티페미협회,8106,ghoioi,지식의칼,         쓰레기탕수육 부먹 찍먹과 한강의 노벨상https://www.youtube.com/watch?v=6cIh9_d3pWw                     ,2024-10-29,01:56,0,0,https://cafe.naver.com/manpowers/128106?art=ZXh0ZXJuYWwtc2VydmljZS1uYXZlci1zZWFyY2gtY2FmZS1wcg.eyJhbGciOiJIUzI1NiIsInR5cCI6IkpXVCJ9.eyJjYWZlVHlwZSI6IkNBRkVfVVJMIiwiY2FmZVVybCI6Im1hbnBvd2VycyIsImFydGljbGVJZCI6MTI4MTA2LCJpc3N1ZWRBdCI6MTczMDEzNTkxMTgyNX0.tjkm8sXuBl4U-pRlLwBixp4YsmeeB06zfaWXGJEfcmI
배배배,4024,ysj0228,원정가서 기분좋게 콜 타고나서 커피한잔 주문했는데일어난 일 ,"         ============================== 배달 NO.1 카페 => 배민커넥트,쿠팡이츠,요기요,일반대행,배달대행 ""배배배"" 배달의 배달에 의한 배달을 위한 카페에 오신걸 환영합니다. ============================== 장거리 타다보니 커피 한잔땡겨서 커피주문했거든요직원이 귀찮은지 카드를 손으로 내려치더니 4가지 없게 주문받네여 배달기사라고 실링이랑 캐리어 포함해 밀봉 안해주고... 걍 쳐먹어라고 줍니다 불매 각이죠카운터보니 배민1 전표가 가득하고 배차안되서 다들 퇴각저는 라이더라서 그 동네 사정이라면 칼같이 파악가능 ㅋ왜 안되는지는 다들 아시죠배차뜨길래 칼거절요어차피 비맛있고 넘치는 게 가게요 그 상권...형님들 생각은?저는 본사에 클레임 넣고 구청위생과 민원 넣을 예정입니다 저는 이런거 경험하면 빈손으로 안보냅니다추신:프차인데 제일 비싼거 시키고 일어난겁니다    ",2024-10-29,01:57,12,0,https://cafe.naver.com/youtubejj/24258?art=ZXh0ZXJuYWwtc2VydmljZS1uYXZlci1zZWFyY2gtY2FmZS1wcg.eyJhbGciOiJIUzI1NiIsInR5cCI6IkpXVCJ9.eyJjYWZlVHlwZSI6IkNBRkVfVVJMIiwiY2FmZVVybCI6InlvdXR1YmVqaiIsImFydGljbGVJZCI6MjQyNTgsImlzc3VlZEF0IjoxNzMwMTM1OTExODI1fQ.GkvwC-5xfrMi6jDtzxABM6gH299rcend-GsU3t5usEw
프로그 - 소장품마켓,104,ozxxwu1171,쿈턘츠7O이쳬 실칼자루이정보이용료상품권끼드 독서가 정신에 미치는 영향은 운동이 육체에 미치는 영향과 같다  에디슨,                    [쿈턘츠7O%이쳬] 실칼자루이정보이용료상품권끼드 독서가 정신에 미치는 영향은 운동이 육체에 미치는 영향과 같다 / 에디슨    ,2024-10-29,02:05,0,0,https://cafe.naver.com/frogsoma/15597?art=ZXh0ZXJuYWwtc2VydmljZS1uYXZlci1zZWFyY2gtY2FmZS1wcg.eyJhbGciOiJIUzI1NiIsInR5cCI6IkpXVCJ9.eyJjYWZlVHlwZSI6IkNBRkVfVVJMIiwiY2FmZVVybCI6ImZyb2dzb21hIiwiYXJ0aWNsZUlkIjoxNTU5NywiaXNzdWVkQXQiOjE3MzAxMzU5MTE4MjR9.tUdUcY1rz70MOtdlmJhQCQYpmQ787n9GSTPYIGYU02Q
중고나라,19394377,lsb170207,최고가 출장매입 아이폰16 아이폰15 아이폰14 갤럭시S24 갤럭시S23 폴드6 폴드5 플립6 플립5 자급제폰 통신사폰 당일개통폰 갤럭시탭 아이패드 애플 삼성 갤럭시 아이폰 애플워치 자급제미개봉 단순개봉 중고폰,"         ※ 카페 상품 게시글은 자동으로 중고나라 앱/사이트에 노출합니다. 노출을 원하지 않으실 경우 고객센터로 문의 바랍니다. ※ 등록한 게시글이 회원의 신고를 받거나 이상거래로 모니터링 될 경우 중고나라 사기통합조회 DB로 수집/활용될 수 있습니다. ─────────────────── uD83DuDCE2 제목에 ""제조사/ 브랜드 명""과 “상품명(ex. 갤럭시 S11) ”을 넣어 작성하면, 보다 빠른 판매가 가능합니다! uD83DuDCE2 게시글 작성 시 배송 방법에 “직거래”와 “내 위치” 설정할 경우, 보다 빠른 판매가 가능합니다! ★ 중고나라 모바일 제휴 업체입니다 ★★최고가로 빠르고 신속하게 매입 ★★법인고객 / 대량물건 / 현금매입 / 이체★★ 010 - 8249 - 0207★현장 즉시 현금 또는 이체 원하시는 방법으로 매입현장 억지 차감 없습니다 대량물건 수량상관없이 매입가능합니다 가격 또한 안 맞으시면 편하게 말해주세요 거짓없이 허위없이 말씀드린 단가로 매입합니다https://open.kakao.com/o/s1H8a4jg             24시최고가매입 아이폰갤럭시 통신사폰 자급제폰 중고폰 #아이폰#갤럭시#중고폰#통신사폰#당일개통폰#자급제폰#출장매입#현금매입#휴대폰 open.kakao.com           ※ 이렇게 매입양식 적어주시면 빠르게 진행가능합니다 ※1. 단말기 기종 용량 색상 수량 2. 단말기 통신사폰이신지 자급제폰이신지3. 단말기 개봉여부 (미개봉 OR 개봉)4. 단말기 상태 기스 찍힘 수리이력 기능불량 배터리성능 잔상여부 5. 출장매입시 거래 가능하신 위치 및 시간 OR 방문매입시 방문 가능하신 날짜 및 시간 택배 또는 퀵 거래시 도착 후 입금이 원칙입니다 걱정마세요 칼같이 입금합니다 간혹 단말기 상태를 대충설명해주시거나 기스 또는 하자 기능문제가 있음에도 없다고 하셔서 현장에서 검수시 부득이하게 금액변동 있을 수 있습니다 최대한 자세하게 설명해주시면 금액변동 1원도 없이 빠르고 정확한 매입이 가능합니다 ＃예시 액정에 빛 비추면 기스가 있습니다 / 기스 찍힘 있습니다 / 잔상이 보입니다 / 검은점 줄 있습니다 / 카메라가 안됩니다 / 카메라에 멍이 있습니다 / 파손됐습니다 / 고객님과 매입을 위해 만나는 것이기 때문에 서로 시간 감정 소모하지 않게 자세하게 말씀 주시면 감사하겠습니다 단가 또는 금액이 타 업체에 비해 낮을 경우 말씀해주시면 추가해서 더 드리겠습니다 언제든지 24시간 편하게 연락 주세요                    중고폰매입 박스폰매입 자급제미개봉매입 자급제폰매입 통신사개통폰매입 유심기변용매입 파손폰매입사용중인폰매입 현금매입 출장매입 약정개통폰 매입아이폰15매입 아이폰15프로매입 아이폰15프로맥스 매입 아이폰15플러스 매입갤럭시 S24매입 S24플러스매입 S24울트라 매입애플워치매입 갤럭시워치매입 아이패드매입 갤럭시탭매입 맥북매입아이폰16프로 128GB 256GB 512GB 1TB 데저트티타늄 내추럴티타늄 블랙티타늄 화이트티타늄 매입아이폰16프로맥스 256GB 512GB 1TB 데저트티타늄 내추럴티타늄 블랙티타늄 화이트티타늄 매입아이폰16 128GB 256GB 512GB 1TB 매입아이폰16플러스 128GB 256GB 512GB 1TB 매입아이폰15프로 128GB 256GB 512GB 1TB 내추럴티타늄 블랙티타늄 블루티타늄 화이트티타늄 매입아이폰15프로맥스 256GB 512GB 1TB 내추럴티타늄 블랙티타늄 블루티타늄 화이트티타늄 매입아이폰15 128GB 256GB 512GB 1TB 매입아이폰15플러스 128GB 256GB 512GB 1TB 매입아이폰14프로 128GB 256GB 512GB 1TB 딥퍼플 블랙 골드 실버아이폰14프로맥스 128GB 256GB 512GB 1TB 딥퍼플 블랙 골드 실버아이폰14 128GB 256GB 512GB 1TB 매입아이폰14플러스 128GB 256GB 512GB 1TB 매입갤럭시 S24 256GB 512GB 매입갤럭시 S24플러스 256GB 512GB 매입갤럭시 S24울트라 256GB 512GB 1TB 매입갤럭시 S23 256GB 512GB 매입갤럭시 S23플러스 256GB 512GB 매입갤럭시 S23울트라 256GB 512GB 1TB 매입갤럭시 폴드6 256GB 512GB 1TB 매입갤럭시 플립6 256GB 512GB 매입갤럭시 폴드5 256GB 512GB 1TB 매입갤럭시 플립5 256GB 512GB 매입갤럭시 폴드4 256GB 512GB 1TB 매입갤럭시 플립4 256GB 512GB 매입아이폰6매입 아이폰7매입 아이폰8매입 아이폰X매입 아이폰XS매입 아이폰XR매입 아이폰SE매입 아이폰SE2매입 아이폰SE3매입아이폰11매입 아이폰11프로매입 아이폰11프로맥스매입 아이폰12매입 아이폰12프로매입 아이폰12프로맥스매입 12미니매입아이폰13매입 아이폰13프로매입 아이폰13프로맥스매입 아이폰13미니매입아이폰14매입 아이폰14프로맥스매입 아이폰14프로매입 아이폰14플러스매입아이폰15매입 아이폰15플러스매입 아이폰15프로매입 아이폰15프로맥스매입갤럭시S7매입 갤럭시S8매입 갤럭시S9매입 갤럭시S21매입 갤럭시S22매입 갤럭시S23매입 갤럭시S24매입갤럭시S21플러스매입 갤럭시S22플러스매입 갤럭시S23플러스매입 갤럭시S24플러스매입갤럭시S21울트라매입 갤럭시S22울트라매입 갤럭시S23울트라매입 갤럭시S24울트라매입노트10매입 노트20매입 폴드5매입 폴드4매입 폴드3매입 폴드2매입 폴드1매입 플립매입 플립2매입 플립3매입 플립4매입 플립5매입 아이패드프로 4세대11인치매입 3세대11인치매입 2세대11인치매입 1세대11인치매입 아이패드프로 6세대12.9인치매입 5세대12.9인치매입 3세대12.9인치매입 4세대12.9인치매입아이패드1세대매입 아이패드2세대매입 아이패드3세대매입 아이패드4세대매입 아이패드5세대매입 아이패드6세대매입 아이패드7세대매입 아이패드8세대매입 아이패드9세대매입 아이패드10세대매입아이패드미니매입 아이패드에어매입 애플워치SE매입 애플워치SE2매입 애플워치울트라매입 애플워치울트라2매입갤럭시탭S6매입 갤럭시탭S7매입 갤럭시탭S8매입 갤럭시탭S9매입갤럭시탭S6플러스매입 갤럭시탭S7플러스매입 갤럭시탭S8플러스매입 갤럭시탭S9플러스매입갤럭시탭S6울트라매입 갤럭시탭S7울트라매입 갤럭시탭S8울트라매입 갤럭시탭S9울트라매입에어팟매입 에어팟프로매입 버즈매입 버즈프로매입 에어팟맥스매입갤럭시워치매입 갤럭시워치프로매입 톰브라운에디션매입 중고폰매입 박스폰매입 통신사폰매입 자급제폰매입 파손폰매입 당일개통폰매입SKT매입 KT매입 Lg매입     ",2024-10-29,01:58,0,0,https://cafe.naver.com/joonggonara/1083351419?art=ZXh0ZXJuYWwtc2VydmljZS1uYXZlci1zZWFyY2gtY2FmZS1wcg.eyJhbGciOiJIUzI1NiIsInR5cCI6IkpXVCJ9.eyJjYWZlVHlwZSI6IkNBRkVfVVJMIiwiY2FmZVVybCI6Impvb25nZ29uYXJhIiwiYXJ0aWNsZUlkIjoxMDgzMzUxNDE5LCJpc3N1ZWRBdCI6MTczMDEzNTkxMTgyNX0.S5oNcf07GXCa41jA0kY-u1dZwUNHxWux35Ria_n2SoA
