기사,,
기자,,
동영상 뉴스,,
기준,,
관련,,
경우,,
때,,
일,,
당시,,
사진,,
구독,,
배포금지,,
전체,,
이번,,
해당,,
최근,,
무단,,
채널,,
사람,,
의원,,
모습,,
내용,,
씨,,
장면,,
네이버,,
앞,,
일부,,
설명,,
댓글,,
제목,,
확산,,
이후,,
행사,,
앵커,,
방송,,
속,,
보도,,
제공,,
부분,,
자신,,
대표,,
교수,,
기자,,
앵커,,
논설위원,,
논설실장,,
리포트,,
인터뷰,,
장관,,
차관,,
사장,,
회장,,
위원장,,
처장,,
무단전재 및 재배포 금지,,
무단전재 배포금지,,
무단전재,무단 전재,전재
무단복제,,
재배포 금지,재배포금지,
배포금지,,
네이버,,
바로가기,,
페이스북,,
카카오톡,,
일러스트,,
트위터,,
오늘의 많이 본 뉴스,,
클릭,,
기사문의 ,,
제보,,
당,,
뉴스,,
세계를 보는 창 경제를 보는 눈,,
그래픽,,
사진,,
자료사진,,
기자의눈,,
@,,
ⓒ,,
신문,,
모바일,,
아시아경제,,
연합뉴스,,
조선비즈,,
조선일보,,
동아일보,,
중앙일보,,
뉴스1,,
코리아,,
한경,,
한국경제,,
모바일,,
ⓒ,,
세계일보,,
특파원,,
SBS,,
CBS,,
한겨레,,
서울신문,,
뉴시스,,
YTN,,
신문,,
오마이뉴스,,
News1,,
MBC,,
연합뉴스,,
머니투데이,,
서울경제,,
매일신문,,
매일경제,,
전자신문,,
MBN,,
ZDNet Korea,,
시사저널,,
동아사이언스,,
경향신문,,
헤럴드경제,,
TV조선,,
아이뉴스24,,
디지털타임스,,
한국일보,,
부산일보,,
데일리안,,
연합뉴스TV,,
SBS CNBC,,
한국경제TV,,
국민일보,,
SBS(text),,
JTBC,,
미디어오늘,,
시사IN,,
참세상,,
국정브리핑,,
강원일보,,
문화일보,,
KBS,,
여성신문,,
주간동아,,
신동아,,
주간조선,,
주간경향,,
한겨레21,,
중앙SUNDAY,,
일다,,
SBS Biz,,
디지털데일리,,
블로터,,
채널A,,
스포츠월드,,
조세일보,,
더팩트,,
매경이코노미,,
기자협회보,,
스포츠경향,,
스포츠서울,,
AP,,
저작권자,,
이유,,
뒤,,
글,,
자료,,
오후,,
신문,,
정도,,
안,,
전,,
연구회,,
점,,
가운데,,
캡처,,
기사,,
단계,,
누리,,
이날,,
얘기,,
관계자,,
집,,
유튜브,,
혼자,,
지난해,,
마련,,
의견,,
원본,,
등장,,
이야기,,
조,,
강원일보,,
자체,,
직원,,
임,,
문화일보,,
대상,,
실제,,
모,,
동안,,
김,,
게재,,
팀,,
지법,,
장,,
대상자,,
이어,,
머니투데이,,
머니,,
지역,,
사이트,,
소장,,
한편,,
주변,,
사이,,
투데이,,
순간,,
위,,
감사,,
표,,
인근,,
위원,,
핵잼,,
핵노잼,,
핵공감,,
위원회,,
대표,,
말,,
때,,
일,,
전,,
앞,,
후,,
지금,,
짓,,
이번,,
곳,,
끝,,
동안,,
다음,,
정도,,
ㄴ,,
ㄷ,,
당장,,
안,,
글,,
님,,
남,,
위,,
물,,
시작,,
배,,
애,,
개,,
미,,
뒤,,
값,,
속,,
베,,
옆,,
뇌,,
충,,
산,,
ㅈ,,
과정,,
헤럴드경제,,
공개,,
경제,,
헤럴드,,
서울경제,,
아시아경제,,
표현,,
공개,,
직,,
꼴,,
ㅅ,,
급,,
그동안,,
ㅂ,,
애초,,
견,,
요즘,,
정상,,
기,,
찰,,
대신,,
인,,
트,,
녀,,
대부분,,
구분,,
컷,,
ㄱ,,
날,,
그때,,
내년,,
생각,,
총장,,
윤,,
본부,,
본인,,
국,,
힘,,
짐,,
이상,,
처,,
박,,
다,,
이제,,
역대,,
사,,
부,,
반,,
오전,,
제다,,
올해,,
확인,,
지난달,,
차,,
간,,
방송,,
특정,,
밖,,
이하,,
오늘,,
부장,,
차례,,
주,,
양,,
군,,
심,,
당일,,
니다,,
결국,,
빕,,
빕니다,,
하루종일,하루 종일,
하루,,
종일,,
오늘,,
과거,,
미만,,
추,,
건수,,
방법,,
기본,,
수준,,
키,,
가능,,
사회,,
현실,,
시간,,
인간,,
길,,
최고,,
시,,
주요,,
하다,,
있다,,
그러다,,
되다,,
가다,,
기자,,
부장,,
제기,,
법원,,
정도,,
지청,,
지방,,
생각,,
기준,,
이상,,
이동재,,
송치,,
상태,,
글,,
행위,,
강조,,
판단,,
필요,,
발표,,
협력,,
당국,,
의견,,
노력,,
이후,,
책임,,
조정,,
최근,,
도입,,
의혹,,
관계자,,
입장,,
앞,,
진술,,
당시,,
판단,,
진행,,
사용,,
취지,,
뉴스,,
지원,,
관계자,,
이날,,
준비,,
사진,,
예정,,
관리,,
사람,,
대상,,
재판,,
사건,,
추가,,
과정,,
이번,,
한국,,
차례,,
기관,,
사이,,
마련,,
방침,,
전체,,
한편,,
포함,,
정도,,
시민,,
부장,,
경우,,
확정,,
시작,,
지적,,
일부,,
조정,,
필요,,
파악,,
법원,,
지법,,
올해,,
결과,,
인력,,
사회,,
자신,,
시간,,
규정,,
전재,,
사법,,
조사,,
중앙,,
상황,,
제기,,
삭제,,
요청,,
발표,,
최근,,
전문,,
오전,,
도주,,
규모,,
관심,,
무단,,
배포,,
기자,,
금지,,
과장,,
지검,,
형사,,
과장,,
범죄,,
혐의,,
위반,,
차장,,
문제,,
문재앙,,
재앙,,
